﻿"CrossName","BrCrCode","Synonym","sexTestRes","Program","Subprogram","Concept","Funding","Contract","Breeder","Planted","nonPsa","PsaDeaths","Remaining","Percent_Remaining"
"K14.0753","GL_287/1","","Female","Gold","2x Yellow","","","NC1601","Kirsten Hoeata","63","14","24","25","39.68"
"K14.0753","GL_287/1","","Male","Gold","2x Yellow","","","NC1601","Kirsten Hoeata","13","3","7","3","23.08"
"K14.0753","GL_287/1","","","Gold","2x Yellow","","","","Kirsten Hoeata","67","10","26","31","46.27"
"K13.0533","aCK_227","","Male","Gold","4x Yellow","","","","Alan Seal","17","0","5","12","70.59"
"K13.0536","aCK_406","","","Gold","4x Yellow","","","","Alan Seal","20","1","1","18","90"
"K13.0531","aCK_605","","Male","Gold","4x Yellow","","","","Alan Seal","28","0","4","24","85.71"
"K14.0253","cYF_248","","Female","Gold","4x Yellow","","","PT1601","Paul Datson","14","1","2","11","78.57"
"K14.0253","cYF_248","","","Gold","4x Yellow","","","","Paul Datson","17","2","4","11","64.71"
"K14.0252","cYF_376","","Female","Gold","4x Yellow","","","PT1601","Paul Datson","14","2","5","7","50"
"K14.0252","cYF_376","","Negative","Gold","4x Yellow","","","PT1601","Paul Datson","2","0","1","1","50"
"K14.0252","cYF_376","","","Gold","4x Yellow","","","","Paul Datson","17","5","0","12","70.59"
"K14.0257","cYG_219","","Female","Gold","4x Yellow","","","PT1601","Paul Datson","15","1","2","12","80"
"K14.0257","cYG_219","","Negative","Gold","4x Yellow","","","PT1601","Paul Datson","1","0","0","1","100"
"K14.0257","cYG_219","","","Gold","4x Yellow","","","","Paul Datson","18","1","6","11","61.11"
"K14.0256","cYG_248","","Female","Gold","4x Yellow","","","PT1601","Paul Datson","16","1","1","14","87.5"
"K14.0256","cYG_248","","Negative","Gold","4x Yellow","","","PT1601","Paul Datson","3","0","0","3","100"
"K14.0256","cYG_248","","Unknown","Gold","4x Yellow","","","PT1601","Paul Datson","2","0","1","1","50"
"K14.0256","cYG_248","","","Gold","4x Yellow","","","","Paul Datson","13","0","0","13","100"
"K14.0255","cYG_298","","Female","Gold","4x Yellow","","","PT1601","Paul Datson","14","2","5","7","50"
"K14.0255","cYG_298","","Negative","Gold","4x Yellow","","","PT1601","Paul Datson","1","1","0","0","0"
"K14.0255","cYG_298","","","Gold","4x Yellow","","","","Paul Datson","16","3","4","9","56.25"
"K14.0319","eJ_219","","","Gold","4x Yellow","","","","Paul Datson","32","0","11","21","65.62"
"K14.0318","eJ_248","","","Gold","4x Yellow","","","","Paul Datson","32","0","5","27","84.38"
"K14.0317","eJ_298","","","Gold","4x Yellow","","","","Paul Datson","28","3","9","16","57.14"
"K14.0316","eJ_376","","","Gold","4x Yellow","","","","Paul Datson","24","4","7","13","54.17"
"K14.0269","eM_298","","Female","Gold","4x Yellow","","","PT1601","Paul Datson","14","0","1","13","92.86"
"K14.0270","eM_376","","","Gold","4x Yellow","","","","Paul Datson","31","1","2","28","90.32"
"K13.0524","GT_227","","Male","Gold","4x Yellow","","","","Alan Seal","16","0","3","13","81.25"
"K13.0526","GT_381","","Male","Gold","4x Yellow","","","","Alan Seal","20","1","4","15","75"
"K13.0527","GT_406","","Male","Gold","4x Yellow","","","","Alan Seal","18","1","0","17","94.44"
"K13.0527","GT_406","","Negative","Gold","4x Yellow","","","","Alan Seal","2","0","0","2","100"
"K13.0521","GT_457","","Male","Gold","4x Yellow","","","","Alan Seal","14","0","1","13","92.86"
"K13.0522","GT_605","","Male","Gold","4x Yellow","","","","Alan Seal","17","1","1","15","88.24"
"K13.0523","GT_606","","Male","Gold","4x Yellow","","","","Alan Seal","11","0","0","11","100"
"K13.0523","GT_606","","Negative","Gold","4x Yellow","","","","Alan Seal","1","0","0","1","100"
"K14.0288","kAB_219","","","Gold","4x Yellow","","","","Paul Datson","32","6","3","23","71.88"
"K14.0289","kAB_708","","","Gold","4x Yellow","","","","Paul Datson","28","2","3","23","82.14"
"K14.0309","kAG_710","","Female","Gold","4x Yellow","","","PT1601","Paul Datson","13","2","3","8","61.54"
"K14.0309","kAG_710","","","Gold","4x Yellow","","","","Paul Datson","18","2","7","9","50"
"K13.0542","rGO_227","","Male","Gold","4x Yellow","","","","Alan Seal","19","3","4","12","63.16"
"K13.0546","rGO_321","","Male","Gold","4x Yellow","","","","Alan Seal","34","1","3","30","88.24"
"K13.0546","rGO_321","","Negative","Gold","4x Yellow","","","","Alan Seal","15","0","3","12","80"
"K13.0544","rGO_381","","Male","Gold","4x Yellow","","","","Alan Seal","23","0","11","12","52.17"
"K13.0545","rGO_406","","Male","Gold","4x Yellow","","","","Alan Seal","56","0","4","52","92.86"
"K13.0545","rGO_406","","Negative","Gold","4x Yellow","","","","Alan Seal","4","0","0","4","100"
"K13.0539","rGO_457","","Male","Gold","4x Yellow","","","","Alan Seal","19","1","6","12","63.16"
"K13.0539","rGO_457","","Negative","Gold","4x Yellow","","","","Alan Seal","7","0","0","7","100"
"K13.0539","rGO_457","","Unknown","Gold","4x Yellow","","","","Alan Seal","1","0","1","0","0"
"K13.0540","rGO_605","","Male","Gold","4x Yellow","","","","Alan Seal","18","0","1","17","94.44"
"K13.0541","rGO_606","","Male","Gold","4x Yellow","","","","Alan Seal","18","0","0","18","100"
"K13.0543","rGO_607","","Male","Gold","4x Yellow","","","","Alan Seal","96","2","12","82","85.42"
"K13.0543","rGO_607","","Unknown","Gold","4x Yellow","","","","Alan Seal","1","0","0","1","100"
"K14.0292","rJV_709","","Female","Gold","4x Yellow","","","PT1601","Paul Datson","9","1","2","6","66.67"
"K14.0292","rJV_709","","Negative","Gold","4x Yellow","","","PT1601","Paul Datson","1","0","0","1","100"
"K14.0292","rJV_709","","","Gold","4x Yellow","","","","Paul Datson","22","5","0","17","77.27"
"K14.0291","rJV_757","","Female","Gold","4x Yellow","","","PT1601","Paul Datson","14","1","4","9","64.29"
"K14.0291","rJV_757","","","Gold","4x Yellow","","","","Paul Datson","17","2","4","11","64.71"
"K14.0296","rJW_758","","Female","Gold","4x Yellow","","","PT1601","Paul Datson","16","4","6","6","37.5"
"K14.0296","rJW_758","","Negative","Gold","4x Yellow","","","PT1601","Paul Datson","2","0","2","0","0"
"K14.0296","rJW_758","","Unknown","Gold","4x Yellow","","","PT1601","Paul Datson","1","1","0","0","0"
"K14.0296","rJW_758","","","Gold","4x Yellow","","","","Paul Datson","13","0","6","7","53.85"
"K13.0551","rJZ_227","","Male","Gold","4x Yellow","","","","Alan Seal","11","0","1","10","90.91"
"K13.0551","rJZ_227","","Negative","Gold","4x Yellow","","","","Alan Seal","2","0","0","2","100"
"K13.0553","rJZ_381","","Male","Gold","4x Yellow","","","","Alan Seal","14","0","6","8","57.14"
"K13.0548","rJZ_457","","","Gold","4x Yellow","","","","Alan Seal","10","0","1","9","90"
"K13.0549","rJZ_605","","Male","Gold","4x Yellow","","","","Alan Seal","20","0","1","19","95"
"K14.0297","rLZ_710","","Female","Gold","4x Yellow","","","PT1601","Paul Datson","11","0","4","7","63.64"
"K14.0297","rLZ_710","","","Gold","4x Yellow","","","","Paul Datson","20","0","4","16","80"
"K14.0295","rMY_710","","","Gold","4x Yellow","","","","Paul Datson","35","3","18","14","40"
"K14.0293","rMY_757","","","Gold","4x Yellow","","","","Paul Datson","32","2","12","18","56.25"
"K14.0294","rMY_758","","","Gold","4x Yellow","","","","Paul Datson","27","1","16","10","37.04"
"K14.0465","rPK_393","","Female","Gold","4x Yellow","","","NC1601","Russell Lowe","17","1","5","11","64.71"
"K14.0465","rPK_393","","Male","Gold","4x Yellow","","","NC1601","Russell Lowe","160","7","45","108","67.5"
"K14.0465","rPK_393","","Negative","Gold","4x Yellow","","","NC1601","Russell Lowe","1","0","1","0","0"
"K14.0465","rPK_393","","","Gold","4x Yellow","","","","Russell Lowe","1","0","0","1","100"
"T01/RL/b13/F04","T01/RL/b13/F04","Yellow 3; T02.13-15-14g; G3; ZesY002; Y3","","Gold","4x Yellow","","","","Russell Lowe","10","0","0","10","100"
"T02/HM/b52/B12","T02/HM/b52/B12","Green 11","","Green","Control(toDEL)","","","NC1301","Hinga Marsh","2","0","0","2","100"
"K13.0653","RM_111","","","Green","Green","","","","Elizabeth Popowski","1","0","0","1","100"
"K14.0454","rPJ_232","","","Hybrid","Novel","","","","Russell Lowe","1","0","0","1","100"
"K14.0456","rPJ_235/1","","","Hybrid","Novel","","","","Russell Lowe","4","0","0","4","100"
"K14.0457","rPJ_235/2","","","Hybrid","Novel","","","","Russell Lowe","38","1","0","37","97.37"
"K14.0458","rPJ_235/3","","","Hybrid","Novel","","","","Russell Lowe","30","1","2","27","90"
"K14.0464","rPK_273","","","Hybrid","Novel","","","","Russell Lowe","99","6","17","76","76.77"
"K14.0509","ZI_1001","","Female","Hybrid","Novel","","","NC1601","Luis Gea","156","12","6","138","88.46"
"K14.0509","ZI_1001","","Male","Hybrid","Novel","","","NC1601","Luis Gea","27","2","0","25","92.59"
"K14.0509","ZI_1001","","Unknown","Hybrid","Novel","","","NC1601","Luis Gea","2","0","0","2","100"
"K14.0509","ZI_1001","","","Hybrid","Novel","","","","Luis Gea","24","2","1","21","87.5"
"K14.0507","ZI_304/1","","Female","Hybrid","Novel","","","NC1601","Luis Gea","34","3","0","31","91.18"
"K14.0507","ZI_304/1","","Male","Hybrid","Novel","","","NC1601","Luis Gea","5","0","0","5","100"
"K14.0987","","","","Hybrid","Novel","","","","Luis Gea","11","1","0","10","90.91"
"K14.0988","","","","Hybrid","Novel","","","","Luis Gea","5","0","0","5","100"
"K14.0345","cAD_476","","","Red","2x Red","","","PT1601","Paul Datson","32","4","2","26","81.25"
"K14.0346","cAD_714","","","Red","2x Red","","","PT1601","Paul Datson","32","0","0","32","100"
"K14.0320","cW_476","","","Red","2x Red","","","PT1601","Paul Datson","40","2","8","30","75"
"K14.0323","cW_732","","","Red","2x Red","","","PT1601","Paul Datson","40","1","3","36","90"
"K14.0322","cW_737","","","Red","2x Red","","","PT1601","Paul Datson","48","5","4","39","81.25"
"K14.0340","cYZ_476","","","Red","2x Red","","","PT1601","Paul Datson","32","6","2","24","75"
"K14.0343","cYZ_714","","","Red","2x Red","","","PT1601","Paul Datson","40","0","4","36","90"
"K14.0342","cYZ_720","","","Red","2x Red","","","PT1601","Paul Datson","24","3","3","18","75"
"K14.0303","cZ_476","","","Red","2x Red","","","PT1601","Paul Datson","40","3","0","37","92.5"
"K14.0305","cZ_720","","","Red","2x Red","","","PT1601","Paul Datson","32","2","4","26","81.25"
"rG8","rG8","Red 19; Red19; R19; 19-2817","","Red","2x Red","","","PT1301","Russell Lowe","3","0","0","3","100"
"K14.0774","rOG_287","","Female","Red","2x Red","","","NC1601","Russell Lowe","1","0","0","1","100"
"K14.0204","cXB_715","","Female","Red","4x Red","","","PT1601","Canhong Cheng","29","0","1","28","96.55"
"K14.0204","cXB_715","","Male","Red","4x Red","","","PT1601","Canhong Cheng","14","0","2","12","85.71"
"K14.0205","cXB_750","","Female","Red","4x Red","","","PT1601","Canhong Cheng","14","5","1","8","57.14"
"K14.0205","cXB_750","","","Red","4x Red","","","","Canhong Cheng","17","1","5","11","64.71"
"K14.0206","cXB_751","","Female","Red","4x Red","","","PT1601","Canhong Cheng","17","0","3","14","82.35"
"K14.0206","cXB_751","","Negative","Red","4x Red","","","PT1601","Canhong Cheng","1","1","0","0","0"
"K14.0206","cXB_751","","","Red","4x Red","","","","Canhong Cheng","15","0","5","10","66.67"
"K14.0156","cXG_704","","Female","Red","4x Red","","","PT1601","Canhong Cheng","12","1","0","11","91.67"
"K14.0156","cXG_704","","Male","Red","4x Red","","","PT1601","Canhong Cheng","7","1","0","6","85.71"
"K14.0157","cXG_752","","Female","Red","4x Red","","","PT1601","Canhong Cheng","17","4","2","11","64.71"
"K14.0157","cXG_752","","","Red","4x Red","","","","Canhong Cheng","15","2","1","12","80"
"K14.0158","cXG_753","","Female","Red","4x Red","","","PT1601","Canhong Cheng","12","1","2","9","75"
"K14.0158","cXG_753","","","Red","4x Red","","","","Canhong Cheng","20","1","3","16","80"
"K14.0160","cXH_704","","Female","Red","4x Red","","","PT1601","Canhong Cheng","17","2","3","12","70.59"
"K14.0160","cXH_704","","Male","Red","4x Red","","","PT1601","Canhong Cheng","9","0","2","7","77.78"
"K14.0161","cXH_752","","Female","Red","4x Red","","","PT1601","Canhong Cheng","16","1","2","13","81.25"
"K14.0164","cXH_755","","Female","Red","4x Red","","","PT1601","Canhong Cheng","11","1","0","10","90.91"
"K14.0164","cXH_755","","","Red","4x Red","","","","Canhong Cheng","19","1","1","17","89.47"
"K14.0166","cXI_704","","Female","Red","4x Red","","","PT1601","Canhong Cheng","5","0","0","5","100"
"K14.0166","cXI_704","","Male","Red","4x Red","","","PT1601","Canhong Cheng","3","0","0","3","100"
"K14.0168","cXI_753","","Female","Red","4x Red","","","PT1601","Canhong Cheng","17","1","1","15","88.24"
"K14.0168","cXI_753","","","Red","4x Red","","","","Canhong Cheng","16","1","1","14","87.5"
"K14.0170","cXI_755","","Female","Red","4x Red","","","PT1601","Canhong Cheng","16","2","0","14","87.5"
"K14.0170","cXI_755","","","Red","4x Red","","","","Canhong Cheng","16","1","1","14","87.5"
"K14.0171","cXJ_701","","Female","Red","4x Red","","","PT1601","Canhong Cheng","13","1","0","12","92.31"
"K14.0171","cXJ_701","","Male","Red","4x Red","","","PT1601","Canhong Cheng","8","0","0","8","100"
"K14.0171","cXJ_701","","Unknown","Red","4x Red","","","PT1601","Canhong Cheng","1","0","0","1","100"
"K14.0177","cXJ_702","","Female","Red","4x Red","","","PT1601","Canhong Cheng","4","0","1","3","75"
"K14.0177","cXJ_702","","Male","Red","4x Red","","","PT1601","Canhong Cheng","3","1","0","2","66.67"
"K14.0172","cXJ_704","","Female","Red","4x Red","","","PT1601","Canhong Cheng","4","0","1","3","75"
"K14.0172","cXJ_704","","Male","Red","4x Red","","","PT1601","Canhong Cheng","1","0","0","1","100"
"K14.0172","cXJ_704","","Negative","Red","4x Red","","","PT1601","Canhong Cheng","1","0","0","1","100"
"K14.0173","cXJ_752","","Female","Red","4x Red","","","PT1601","Canhong Cheng","12","0","2","10","83.33"
"K14.0173","cXJ_752","","","Red","4x Red","","","","Canhong Cheng","19","1","2","16","84.21"
"K14.0174","cXJ_753","","Female","Red","4x Red","","","PT1601","Canhong Cheng","13","1","3","9","69.23"
"K14.0174","cXJ_753","","Negative","Red","4x Red","","","PT1601","Canhong Cheng","1","0","0","1","100"
"K14.0174","cXJ_753","","","Red","4x Red","","","","Canhong Cheng","11","0","1","10","90.91"
"K14.0176","cXJ_755","","Female","Red","4x Red","","","PT1601","Canhong Cheng","11","1","3","7","63.64"
"K14.0176","cXJ_755","","","Red","4x Red","","","","Canhong Cheng","21","2","1","18","85.71"
"K14.0178","cXK_715","","Female","Red","4x Red","","","PT1601","Canhong Cheng","14","1","2","11","78.57"
"K14.0178","cXK_715","","Male","Red","4x Red","","","PT1601","Canhong Cheng","7","1","0","6","85.71"
"K14.0183","cXK_716","","Female","Red","4x Red","","","PT1601","Canhong Cheng","12","1","1","10","83.33"
"K14.0183","cXK_716","","Male","Red","4x Red","","","PT1601","Canhong Cheng","11","1","5","5","45.45"
"K14.0185","cXK_744","","Female","Red","4x Red","","","PT1601","Canhong Cheng","9","0","2","7","77.78"
"K14.0185","cXK_744","","Unknown","Red","4x Red","","","PT1601","Canhong Cheng","1","0","0","1","100"
"K14.0185","cXK_744","","","Red","4x Red","","","","Canhong Cheng","8","1","2","5","62.5"
"K14.0184","cXK_745","","Female","Red","4x Red","","","PT1601","Canhong Cheng","12","0","0","12","100"
"K14.0184","cXK_745","","","Red","4x Red","","","","Canhong Cheng","12","0","2","10","83.33"
"K14.0181","cXK_750","","Female","Red","4x Red","","","PT1601","Canhong Cheng","11","1","2","8","72.73"
"K14.0182","cXK_751","","Female","Red","4x Red","","","PT1601","Canhong Cheng","13","1","2","10","76.92"
"K14.0182","cXK_751","","Negative","Red","4x Red","","","PT1601","Canhong Cheng","1","0","0","1","100"
"K14.0182","cXK_751","","Unknown","Red","4x Red","","","PT1601","Canhong Cheng","1","0","1","0","0"
"K14.0182","cXK_751","","","Red","4x Red","","","","Canhong Cheng","2","0","0","2","100"
"K14.0180","cXK_752","","Female","Red","4x Red","","","PT1601","Canhong Cheng","15","0","2","13","86.67"
"K14.0180","cXK_752","","","Red","4x Red","","","","Canhong Cheng","2","0","0","2","100"
"K14.0186","cXL_715","","Female","Red","4x Red","","","PT1601","Canhong Cheng","25","3","3","19","76"
"K14.0186","cXL_715","","Male","Red","4x Red","","","PT1601","Canhong Cheng","14","4","0","10","71.43"
"K14.0189","cXL_716","","Female","Red","4x Red","","","PT1601","Canhong Cheng","42","6","9","27","64.29"
"K14.0189","cXL_716","","Male","Red","4x Red","","","PT1601","Canhong Cheng","20","2","2","16","80"
"K14.0189","cXL_716","","Negative","Red","4x Red","","","PT1601","Canhong Cheng","1","0","0","1","100"
"K14.0191","cXL_744","","Female","Red","4x Red","","","PT1601","Canhong Cheng","12","0","3","9","75"
"K14.0191","cXL_744","","Unknown","Red","4x Red","","","PT1601","Canhong Cheng","1","0","0","1","100"
"K14.0191","cXL_744","","","Red","4x Red","","","","Canhong Cheng","15","1","4","10","66.67"
"K14.0190","cXL_745","","Female","Red","4x Red","","","PT1601","Canhong Cheng","19","0","4","15","78.95"
"K14.0190","cXL_745","","","Red","4x Red","","","","Canhong Cheng","1","0","0","1","100"
"K14.0187","cXL_750","","","Red","4x Red","","","","Canhong Cheng","25","1","4","20","80"
"K14.0188","cXL_751","","","Red","4x Red","","","","Canhong Cheng","21","2","4","15","71.43"
"K14.0192","cXM_715","","Female","Red","4x Red","","","PT1601","Canhong Cheng","30","3","2","25","83.33"
"K14.0192","cXM_715","","Male","Red","4x Red","","","PT1601","Canhong Cheng","17","0","1","16","94.12"
"K14.0192","cXM_715","","Negative","Red","4x Red","","","PT1601","Canhong Cheng","1","0","0","1","100"
"K14.0192","cXM_715","","Unknown","Red","4x Red","","","PT1601","Canhong Cheng","3","0","0","3","100"
"K14.0192","cXM_715","","","Red","4x Red","","","","Canhong Cheng","22","1","3","18","81.82"
"K14.0196","cXM_745","","Female","Red","4x Red","","","PT1601","Canhong Cheng","10","0","1","9","90"
"K14.0193","cXM_750","","Female","Red","4x Red","","","PT1601","Canhong Cheng","12","1","2","9","75"
"K14.0193","cXM_750","","","Red","4x Red","","","","Canhong Cheng","20","3","1","16","80"
"K14.0194","cXM_751","","Female","Red","4x Red","","","PT1601","Canhong Cheng","12","1","2","9","75"
"K14.0194","cXM_751","","Negative","Red","4x Red","","","PT1601","Canhong Cheng","1","0","0","1","100"
"K14.0198","cXN_715","","Female","Red","4x Red","","","PT1601","Canhong Cheng","11","2","0","9","81.82"
"K14.0198","cXN_715","","Male","Red","4x Red","","","PT1601","Canhong Cheng","11","1","1","9","81.82"
"K14.0201","cXN_716","","Female","Red","4x Red","","","PT1601","Canhong Cheng","31","5","4","22","70.97"
"K14.0201","cXN_716","","Male","Red","4x Red","","","PT1601","Canhong Cheng","16","3","1","12","75"
"K14.0203","cXN_744","","Female","Red","4x Red","","","PT1601","Canhong Cheng","15","0","1","14","93.33"
"K14.0203","cXN_744","","","Red","4x Red","","","","Canhong Cheng","2","0","0","2","100"
"K14.0202","cXN_745","","Female","Red","4x Red","","","PT1601","Canhong Cheng","14","2","1","11","78.57"
"K14.0202","cXN_745","","","Red","4x Red","","","","Canhong Cheng","19","1","2","16","84.21"
"K14.0199","cXN_750","","Female","Red","4x Red","","","PT1601","Canhong Cheng","12","1","0","11","91.67"
"K14.0199","cXN_750","","","Red","4x Red","","","","Canhong Cheng","14","3","1","10","71.43"
"K14.0200","cXN_751","","Female","Red","4x Red","","","PT1601","Canhong Cheng","17","3","4","10","58.82"
"K14.0200","cXN_751","","Unknown","Red","4x Red","","","PT1601","Canhong Cheng","2","2","0","0","0"
"K14.0200","cXN_751","","","Red","4x Red","","","","Canhong Cheng","12","1","2","9","75"
"K14.0254","cYF_873","","Female","Red","4x Red","","","PT1601","Paul Datson","17","5","1","11","64.71"
"K14.0254","cYF_873","","Male","Red","4x Red","","","PT1601","Paul Datson","10","0","0","10","100"
"K14.0254","cYF_873","","Negative","Red","4x Red","","","PT1601","Paul Datson","2","1","1","0","0"
"K14.0287","kAB_873","","","Red","4x Red","","","","Paul Datson","32","5","1","26","81.25"